"","logFC","AveExpr","t","P.Value","adj.P.Val","B","Regulation"
"TRIP13",-1.36194094493427,8.99339668955257,-35.415226789194,8.58257405384387e-10,7.83704342449581e-06,11.6190259043905,"Downregulated"
"TPX2",-1.50281950724928,8.67850759390752,-34.0648031945365,1.15513394879412e-09,7.83704342449581e-06,11.4669630353255,"Downregulated"
"NCAPH",-1.4891929072521,7.0423808490457,-32.8789996467669,1.51411194445437e-09,7.83704342449581e-06,11.3228421766096,"Downregulated"
"AURKA",-1.21902140728045,8.64640888511591,-29.7403854174047,3.25578137834238e-09,1.26389433107251e-05,10.8860582239671,"Downregulated"
"FGF1",-1.05091649195764,7.33066484656743,-26.5683983643079,7.68791153324873e-09,2.38755780576572e-05,10.3450377317745,"Downregulated"
"MASTL",-1.04751583259719,7.01208452947095,-24.8800182336151,1.26671287856489e-08,3.12335019659717e-05,10.0064105301165,"Downregulated"
"C4orf46",-1.25891584988957,7.08366290216477,-24.5361959123323,1.40800176302036e-08,3.12335019659717e-05,9.93247259876758,"Downregulated"
"DEPDC1",-1.76617482139013,6.84168212377562,-23.1159822078889,2.21418100637552e-08,4.03179116464269e-05,9.60732470663493,"Downregulated"
"CDCA2",-1.90496201405239,7.19871860248766,-22.9523055431734,2.33681868120712e-08,4.03179116464269e-05,9.56769025276073,"Downregulated"
"GSTT2",-1.30795334422991,7.6247112487071,-21.3894714992362,3.98773172967006e-08,6.19214982983167e-05,9.16450601613853,"Downregulated"
"RACGAP1",-1.19757292697261,9.62443215208213,-21.096328782614,4.42680621078824e-08,6.24904062191998e-05,9.08357134111789,"Downregulated"
"LDB2",-0.891035581235215,8.58051416666775,-20.444225961431,5.61353538900359e-08,7.26391479337065e-05,8.8970287515996,"Downregulated"
"SNHG1",1.02293038139302,9.53020968859908,20.0718020564191,6.45033880173376e-08,7.52274993402794e-05,8.7862950080733,"Upregulated"
"SELENBP1",-1.00104136821101,6.99894507498486,-19.9388432815636,6.78248963655275e-08,7.52274993402794e-05,8.74599502954896,"Downregulated"
"CKAP2L",-1.21460232772761,7.26636925466002,-19.5771213269486,7.78814016692224e-08,7.91655874777503e-05,8.6342558061449,"Downregulated"
"PHF19",-0.848871430216492,8.32294579782354,-19.4574131958872,8.1571960306801e-08,7.91655874777503e-05,8.59658651582677,"Downregulated"
"CIT",-0.827761002008496,7.82579427315659,-18.9313076434343,1.00310721288973e-07,9.16249929514808e-05,8.4268259924096,"Downregulated"
"GTSE1",-0.850932378600671,7.00762841909536,-18.3463947061613,1.27073829166507e-07,0.00010962235662764,8.22970339263645,"Downregulated"
"BIRC5",-1.44771580539126,7.64463668646757,-17.9726675067404,1.48368241662483e-07,0.00012125589771237,8.09889177586902,"Downregulated"
"CDCA3",-1.39740253528965,8.38140294380531,-17.6897667640718,1.67175056296082e-07,0.000129794713708278,7.99724143119597,"Downregulated"
"PLK1",-1.06502117280162,6.71521570318831,-17.4391217611024,1.86105651910205e-07,0.000137611836326746,7.90522742189798,"Downregulated"
"LINC01119",-1.0083438286739,7.98086804886237,-17.1528481364251,2.10746062184095e-07,0.00014874840243612,7.79782294861639,"Downregulated"
"KIF4A",-1.80354946415972,7.41429326256398,-16.5885090637427,2.70879787815824e-07,0.000175259222716838,7.57858814966451,"Downregulated"
"DSN1",-0.891699912635523,7.28470051919801,-16.3458397414871,3.02513065246589e-07,0.000187896915085961,7.48113133912004,"Downregulated"
"TSPAN2",-1.05154348915668,7.03163774019694,-16.1595566205547,3.29630410368271e-07,0.000193350240867975,7.40497247153463,"Downregulated"
"IQGAP3",-0.813025182199456,7.01278534008295,-16.117044192329,3.36196322993001e-07,0.000193350240867975,7.38742513396788,"Downregulated"
"KIF2C",-1.09978382969024,7.41668497037531,-15.7726798980063,3.95164511748863e-07,0.000219146947801298,7.2429522087689,"Downregulated"
"CENPN",-0.756047885363992,7.73966532263222,-15.3489632747828,4.84342786250528e-07,0.000245839966843738,7.05931108685086,"Downregulated"
"FANCI",-1.07071718233586,7.27194674418551,-15.1211214129278,5.41540159139128e-07,0.000262782362222262,6.95777976920699,"Downregulated"
"BARD1",-1.06194051873821,7.11872939046018,-14.9948907880347,5.76482020803317e-07,0.000271260994516179,6.90066545372707,"Downregulated"
"CADM1",0.845810149608369,6.57378708805568,14.3316707757208,8.07396141652753e-07,0.000339818990866649,6.5900645480425,"Upregulated"
"FAM111A-DT",-0.745233015894519,7.1360320051802,-14.3261370678468,8.09718100339129e-07,0.000339818990866649,6.58739627899416,"Downregulated"
"RPL39L",-0.827825055270723,7.43848138327697,-14.2293732192663,8.51560388043816e-07,0.000347974465935378,6.54052677758818,"Downregulated"
"HOXB-AS3",1.15860118771842,6.3881121151973,13.5346114513419,1.23460583723728e-06,0.000457858172804931,6.19187206568239,"Upregulated"
"QPCT",-0.868053108019536,9.31881541491079,-13.5289897605086,1.23841082288814e-06,0.000457858172804931,6.18896118890224,"Downregulated"
"RRM2",-1.80581927826125,9.69761017055102,-13.3492182100085,1.36733418756008e-06,0.000493766634056579,6.09508930890835,"Downregulated"
"RMI2",-0.70263822527463,7.38275188073753,-12.6798708347676,1.99924954969125e-06,0.00066051802143842,5.73165658968785,"Downregulated"
"CDC20",-1.92555224016506,8.45231856854675,-12.3696309001387,2.39924664016546e-06,0.000760316363846719,5.55538968606022,"Downregulated"
"CDK2",-0.989864975571498,8.38239086679333,-12.3209126145506,2.46989316286396e-06,0.00076705002065903,5.52723971952398,"Downregulated"
"BUB1",-0.995133408844537,6.49346978228577,-11.9584512513188,3.0753869783443e-06,0.000918357865379428,5.31367129298952,"Downregulated"
"COL14A1",-1.44096196613665,6.14808685548139,-11.793745619886,3.40439458472258e-06,0.000978952576140226,5.21415317365866,"Downregulated"
"APOBEC3B",-1.77733246532265,7.67202179151488,-11.6449325801602,3.73597602393591e-06,0.00105476792181231,5.12286947661399,"Downregulated"
"HJURP",-1.49493144626528,7.39689670295856,-11.5057515684117,4.07924712738846e-06,0.00111127279638751,5.03629453371018,"Downregulated"
"C14orf132",-0.799729106790952,9.47161191889059,-11.448464401373,4.23072195849488e-06,0.00112714877886027,5.00031796306202,"Downregulated"
"SPAG5",-1.41703786657801,7.43577836657851,-11.4212694927076,4.30483298881273e-06,0.00112714877886027,4.98316889263002,"Downregulated"
"CIP2A",-0.924101762019554,6.14866781111369,-11.1142225840181,5.25106212151023e-06,0.00125443834804324,4.78633647327211,"Downregulated"
"KIT",-0.922105530504068,7.02415073924215,-10.9806257988083,5.7340486281965e-06,0.00130938686909758,4.69881328103002,"Downregulated"
"ERAP2",-2.97357647357549,6.1700666610466,-10.927872065789,5.93834766923194e-06,0.00132017278617395,4.66393138853362,"Downregulated"
"TACC3",-0.748471365226198,6.95326519430201,-10.924591451929,5.95131987584858e-06,0.00132017278617395,4.66175611402497,"Downregulated"
"RFWD3",-0.782619058030199,7.17895056234373,-10.7380212141534,6.74418792102263e-06,0.00145449652830055,4.53686552805539,"Downregulated"
"UBE2C",-1.93749368622405,9.49764009553842,-10.6757532375333,7.0346850960294e-06,0.00149636424891979,4.49466013169503,"Downregulated"
"ZWINT",-1.20450742172729,9.25575615032277,-10.4724284032717,8.0856616519531e-06,0.00162986253019338,4.35498363976589,"Downregulated"
"LY6E",-0.781855046645095,9.35383692927761,-10.2779145958027,9.25857884370027e-06,0.0017749038553701,4.21863184774575,"Downregulated"
"CENPA",-1.19400998595459,7.25867614374112,-10.0804956752887,1.06478253148847e-05,0.00195062065015955,4.07743666885617,"Downregulated"
"CAMK1D",-0.85814102288725,7.46824854774867,-9.99037143197668,1.13586188491264e-05,0.00201295821760822,4.01201699361209,"Downregulated"
"GINS3",-1.21421488193045,6.42678253692674,-9.93740417043884,1.18011067457126e-05,0.00201370973129039,3.97328281267753,"Downregulated"
"LINC00968",-0.703784276850167,8.35281362698141,-9.74836002548457,1.35454654826717e-05,0.00214305774603573,3.83328201150243,"Downregulated"
"STIL",-1.03272396539175,7.62288727297971,-9.7394893861409,1.36341474725035e-05,0.00214305774603573,3.82664446005128,"Downregulated"
"C18orf54",-0.730394739155214,6.16402478476224,-9.70971840252208,1.39365667128325e-05,0.00214305774603573,3.80432280555207,"Downregulated"
"MCM3",-0.901241084545564,8.62722396953683,-9.65742564147721,1.44861433140338e-05,0.00214305774603573,3.76494544581409,"Downregulated"
"HS3ST3B1",0.755964716131429,7.76314498445582,9.61889352563851,1.4906650603286e-05,0.00216327542586752,3.73579115409027,"Upregulated"
"LIG1",-0.773889619724621,8.01521961866285,-9.56219058613061,1.55505639343169e-05,0.00220086049316216,3.69267243681281,"Downregulated"
"BUB1B",-1.74322976656082,7.78261606377429,-9.48375524622128,1.64932640685714e-05,0.00228161036125338,3.63260013842588,"Downregulated"
"BPGM",-0.826645072397479,9.31854470701538,-9.37418289938259,1.79192510361046e-05,0.00240179401019063,3.54783933835741,"Downregulated"
"ZWILCH",-0.946808001136412,8.01730153555399,-9.37249260947328,1.79423045583535e-05,0.00240179401019063,3.54652404494986,"Downregulated"
"MCM2",-1.27367649552365,8.31264739011727,-9.33286559548425,1.84924045403569e-05,0.00245427399745864,3.51562041365496,"Downregulated"
"CDCA8",-1.29985817619523,8.11933399669223,-9.28764573434206,1.91433484351351e-05,0.00249189143396944,3.48019507792598,"Downregulated"
"SHCBP1",-1.69352329805049,8.36110577059147,-9.2767640995136,1.93037955328148e-05,0.00249189143396944,3.4716447932564,"Downregulated"
"SCRG1",-1.29104564178398,10.3147291356477,-9.21181065969441,2.02934209739286e-05,0.00254778113623127,3.42039966060521,"Downregulated"
"SHOX2",-0.826239538216546,7.38967528228198,-9.20728540136822,2.03644563566352e-05,0.00254778113623127,3.41681613702877,"Downregulated"
"RNASEH2A",-1.14778757007693,9.03788695102211,-9.17773373249374,2.08352487680239e-05,0.00254778113623127,3.39337150311854,"Downregulated"
"CDCA5",-1.37321253527275,8.32865250438736,-9.17758024051724,2.08377256762862e-05,0.00254778113623127,3.39324953684621,"Downregulated"
"PIMREG",-1.10404787757984,8.02180855869216,-9.11046555267411,2.19530374883318e-05,0.00259219324340176,3.33972613608814,"Downregulated"
"CDC6",-1.7507817967507,6.89323662866728,-8.97413869940431,2.44303653355045e-05,0.0027690125031366,3.22980625849543,"Downregulated"
"SFR1",-0.789244219411465,7.30659395942045,-8.86666426903583,2.66047845750117e-05,0.00293375300058591,3.14199793999115,"Downregulated"
"FAM83D",-1.82699437804495,8.18648294313407,-8.8650259613072,2.66395654999107e-05,0.00293375300058591,3.14065145854948,"Downregulated"
"FIRRM",-1.02616802667915,6.62432539110221,-8.73886105053794,2.94773425023196e-05,0.00306245631367201,3.03623342069859,"Downregulated"
"CCNE2",-1.5059500112307,6.07853180812851,-8.73441945906909,2.9583233323725e-05,0.00306245631367201,3.03253110774881,"Downregulated"
"FANCG",-1.08599771634534,7.33286926462313,-8.70740874616498,3.02364242412271e-05,0.00306429292841356,3.00997733477995,"Downregulated"
"MTFR2",-1.69539399246481,6.38104227923036,-8.70569907837805,3.02783082764243e-05,0.00306429292841356,3.00854752411592,"Downregulated"
"TBX5-AS1",1.22524557251728,6.79968305163774,8.70113924844811,3.03903342977645e-05,0.00306429292841356,3.00473278542455,"Upregulated"
"PSRC1",-1.45774472651143,7.72883658914726,-8.68246656294152,3.08539470227638e-05,0.00309096831851275,2.98909134972254,"Downregulated"
"DNAJC9",-0.728251396796347,9.03178923227609,-8.61318714514675,3.26444852968851e-05,0.00320825042841792,2.93077723763771,"Downregulated"
"PSG4",-1.07354230708907,7.2045108661553,-8.39396771924253,3.91224493368551e-05,0.00357349054883933,2.74328961731529,"Downregulated"
"NUSAP1",-1.5270590997805,7.72677163327914,-8.37749725985157,3.9664409819775e-05,0.00358086602140387,2.72901835614204,"Downregulated"
"ERCC6L",-0.800898111898745,6.61294215619202,-8.24693501391393,4.42700458736075e-05,0.00378594976096483,2.61495764904162,"Downregulated"
"LINC00665",-0.900871974342439,5.89544343064396,-8.23822576657699,4.45979028007832e-05,0.00378594976096483,2.60728981116761,"Downregulated"
"TIMELESS",-1.08330958633792,7.60667388796439,-8.23516388619927,4.47138101545353e-05,0.00378594976096483,2.60459227947676,"Downregulated"
"RAD51AP1",-1.59133038766381,7.49063534988007,-8.13834146318281,4.85584910154634e-05,0.00398950396025458,2.51881200209515,"Downregulated"
"PRG4",-3.30269756743876,6.37486718080834,-8.12223642241659,4.92331488356685e-05,0.00400644045461023,2.50445300156735,"Downregulated"
"TCF19",-1.2640244555108,7.89456256921248,-8.09270416808318,5.04976625518976e-05,0.00408399845888472,2.4780548272971,"Downregulated"
"TOP2A",-1.95132313997757,8.56007656915492,-8.05537152533572,5.21483831624241e-05,0.00412543219355868,2.44455818151773,"Downregulated"
"HELLS",-1.1210409497957,6.15644869459527,-8.05115975252446,5.23383656704702e-05,0.00412543219355868,2.44077031929768,"Downregulated"
"DTL",-2.36104068768003,7.33515656283506,-7.96469671894813,5.64144688372226e-05,0.00433572038429809,2.36261024074882,"Downregulated"
"EMP2",-0.972985855235353,8.41515681393573,-7.94255331940021,5.75145621396987e-05,0.00437787314169236,2.34247000188968,"Downregulated"
"EXO1",-1.29567783369787,6.53709605456066,-7.92838884064275,5.82308105364673e-05,0.00438935934956439,2.32956036327271,"Downregulated"
"CSGALNACT1",-0.960376932304747,6.14721137524556,-7.91544677640358,5.88939595486383e-05,0.00439666059553489,2.31774670661551,"Downregulated"
"ZNF367",-1.65470409269641,6.69994703536747,-7.85879107478915,6.18979301668264e-05,0.00453373141335132,2.26582601802092,"Downregulated"
"COL5A3",-1.13956709415507,7.43132456042158,-7.75988517075865,6.75608075004111e-05,0.00487049077732814,2.17438031657713,"Downregulated"
"TAFA5",-1.16506083288751,7.72181721932071,-7.75405496414162,6.79122307297158e-05,0.00487049077732814,2.16895761716043,"Downregulated"
"PLEKHA4",-0.715283150271484,7.54299774061297,-7.72737351967865,6.95467271861529e-05,0.00488318137593541,2.14409497213756,"Downregulated"
"LMNB1",-1.14784484562191,6.67173774051513,-7.72663610661965,6.95925198873169e-05,0.00488318137593541,2.14340674958874,"Downregulated"
"FEN1",-1.00734438343226,8.53960704866611,-7.71927849512003,7.00512678117553e-05,0.00488318137593541,2.13653676339946,"Downregulated"
"POLE2",-1.50548754616854,6.79090170464645,-7.67670731486887,7.27727278704485e-05,0.0050201774580929,2.09667328245742,"Downregulated"
"GINS2",-0.861799107656529,8.09395085436861,-7.67223459649948,7.30654369866689e-05,0.0050201774580929,2.09247375974209,"Downregulated"
"MCM7",-1.1755832439949,8.51197986805052,-7.65862090743015,7.39644730148857e-05,0.00505680723938595,2.07967835165402,"Downregulated"
"RAI2",-0.899085682735341,8.06898682985198,-7.61942126669253,7.66228485389525e-05,0.00511699821176649,2.04272316401504,"Downregulated"
"OIP5",-1.30887945629521,7.03089052212731,-7.59535943740001,7.83073289910374e-05,0.00517428172158651,2.01995656931549,"Downregulated"
"UHRF1",-1.36919207905178,8.61289273322939,-7.58350111969002,7.91526457987628e-05,0.00520762649788774,2.00871341099345,"Downregulated"
"DDIAS",-0.879481502183291,6.86836184185423,-7.47032614064349,8.77527893709763e-05,0.00544322582296652,1.9006339495731,"Downregulated"
"TSPAN8",-1.73353356102186,6.7630016068761,-7.46774551910543,8.79606777847431e-05,0.00544322582296652,1.89815303816143,"Downregulated"
"POC1A",-0.83089297973181,6.94815027679255,-7.43698768801129,9.04811742038294e-05,0.0055753637818931,1.86852664191845,"Downregulated"
"ATAD2",-0.944956668382392,6.85907623299385,-7.411108061014,9.26643629086223e-05,0.00564057910377678,1.84351729971188,"Downregulated"
"LINC00302",-1.53398196866837,6.38142568592959,-7.41049467940098,9.27168146975293e-05,0.00564057910377678,1.84292363654798,"Downregulated"
"GINS1",-1.33576777666454,8.38280463651413,-7.39286741425117,9.42383952964967e-05,0.00567183644249613,1.82584502187209,"Downregulated"
"GSTM4",-0.938438412906887,6.32698310198124,-7.35085269804069,9.79785489781707e-05,0.00576686841122572,1.7849971881944,"Downregulated"
"MND1",-1.30511808902996,6.03647525050973,-7.33411207167338,9.95146394164009e-05,0.00582461409456695,1.7686660091939,"Downregulated"
"HSD11B1",-0.939354273229275,6.31492841351232,-7.27711061318433,0.000104949688340572,0.00594765971004526,1.71282016911081,"Downregulated"
"STC1",-0.778048084969161,7.43859767838138,-7.26968514809499,0.000105681728035367,0.00596736681066611,1.70551798382588,"Downregulated"
"MCM5",-1.29995945674383,8.27829621547489,-7.20204358229935,0.000112618394692283,0.00614398970178395,1.63870815772494,"Downregulated"
"ORC6",-0.975781195052699,8.72293756877046,-7.19746685165185,0.000113105740370005,0.00614398970178395,1.63416866823184,"Downregulated"
"PER2",-0.789291197933435,6.88724684090385,-7.18288313287458,0.000114674394758817,0.00617451639531241,1.61968745490521,"Downregulated"
"NCAPG",-1.80179264534196,7.15795171723479,-7.14549883391608,0.000118807313908232,0.00631794510399667,1.58245322509619,"Downregulated"
"FBXO5",-1.29758739260142,7.11115188194881,-7.06546764944411,0.000128224127183153,0.00664917661399286,1.50219460689867,"Downregulated"
"CCDC15",-0.983978850426294,6.33798797366733,-7.06418945011708,0.000128381116230453,0.00664917661399286,1.50090667061683,"Downregulated"
"IRX2",1.00487086881992,7.95790745199792,7.06353416891292,0.000128461681104963,0.00664917661399286,1.50024632294686,"Upregulated"
"PRC1",-1.44689072147182,9.14339765562273,-6.97913245563385,0.000139324746727429,0.00709322841699516,1.41476682940394,"Downregulated"
"UBE2S",-0.756063539359745,11.2306020958894,-6.96301787815306,0.000141512923259709,0.00713445672849597,1.39835005453604,"Downregulated"
"NCAPG2",-1.30755165368723,6.6583306592265,-6.93260258622898,0.000145747918656317,0.00723225665999232,1.36727959536289,"Downregulated"
"SPC24",-1.31121120916126,7.17471506789012,-6.91583149406486,0.000148143275244238,0.0072338640817375,1.35009968228955,"Downregulated"
"BMP6",-1.35213598634906,8.05031308716138,-6.88419580760945,0.000152781802325982,0.00732265708612962,1.31760043906129,"Downregulated"
"AURKB",-1.90925964111142,7.40248574178072,-6.87448663015035,0.00015423761137626,0.00733239995862027,1.30760194405155,"Downregulated"
"KIF23",-1.26637736160711,7.23769629235205,-6.86910562620875,0.000155051086068056,0.00733239995862027,1.30205567105471,"Downregulated"
"MCM10",-1.15727291991523,6.46226346309176,-6.86861559171653,0.000155125403834919,0.00733239995862027,1.30155041133161,"Downregulated"
"PLAU",-1.05311993303855,7.85457716932292,-6.85618837690188,0.000157023395156611,0.0073441544578068,1.28872733622733,"Downregulated"
"PTTG1",-0.873948103707157,10.9627738560966,-6.73097659931824,0.000177656835858624,0.00793315714154004,1.15847319090323,"Downregulated"
"H4C3",-0.808284531152896,12.5635539124717,-6.68835655019596,0.000185353942960395,0.00815276232812733,1.11369558970468,"Downregulated"
"CENPM",-1.19093767157652,8.28690391671697,-6.68652840949446,0.000185692290662139,0.00815276232812733,1.11176985017176,"Downregulated"
"CDT1",-1.47395948537804,6.58633061890812,-6.68560841892307,0.000185862819690693,0.00815276232812733,1.11080058656344,"Downregulated"
"HAUS8",-1.09297680785078,6.73721259671992,-6.6402589842665,0.000194488376901965,0.00843579753221709,1.06289125502467,"Downregulated"
"CCNB1",-1.42802366737456,8.67454085683443,-6.6350918372308,0.000195499074351965,0.00845601567280587,1.05741608756264,"Downregulated"
"PRICKLE1",-1.18457357702375,7.60452236331893,-6.61978010600701,0.000198528475184412,0.00853947413480209,1.04117190905191,"Downregulated"
"KAZALD1",-0.702569806042848,8.26218734729188,-6.59850869724749,0.000202823864805229,0.00865233234257033,1.01855615043174,"Downregulated"
"ACAN",-0.982861290353231,8.97782995449009,-6.57446431609086,0.000207803899622911,0.00874465841014785,0.992923401541987,"Downregulated"
"HS3ST3A1",1.28663704080306,9.51364229603719,6.50437894157626,0.000223111543410436,0.00916090433141563,0.917789588698453,"Upregulated"
"C3orf70",-1.02612333447521,7.10288180204781,-6.44720078274538,0.000236529520554507,0.00944172338090073,0.85602775005634,"Downregulated"
"IRX1",2.02531356315414,7.09946492475471,6.43834576860625,0.000238686498278934,0.00949975922294109,0.84642527617684,"Upregulated"
"SPX",-0.806149237288336,6.34481240460993,-6.35330249167523,0.000260550582318766,0.010064252343895,0.753686401861644,"Downregulated"
"CXCL6",-2.32535315530006,5.90350478010145,-6.28880007318035,0.000278616498442792,0.010471376709107,0.682718131336298,"Downregulated"
"AKAP12",-1.07076316246503,9.22565387363081,-6.23816037348934,0.000293774235460726,0.0108354544613638,0.626618595541153,"Downregulated"
"SPIN4",-1.09466476141036,8.23783121980068,-6.22930639216108,0.000296517190294239,0.0109107083670354,0.616775157162992,"Downregulated"
"HMMR",-2.00525641058548,7.15821741951851,-6.22396418703285,0.000298185921194468,0.0109203560950653,0.610830914882833,"Downregulated"
"RPS6KA5",-0.745695389826349,5.73282378751394,-6.14989260790354,0.000322428633893458,0.0115361102006857,0.528020178988291,"Downregulated"
"LYSET",0.831915273379693,9.74451319023255,6.1309967229946,0.00032895719742873,0.0116356431928777,0.506777438899254,"Upregulated"
"PNPLA3",0.762085874749193,6.12180105171256,6.12002222836361,0.000332816024802069,0.0117187465603776,0.494417902645448,"Upregulated"
"ECHDC3",-0.838323594176433,7.17358791755686,-6.11147592656169,0.000335855780430801,0.0117990238880757,0.484781787319141,"Downregulated"
"TMPO",-0.995701669485292,8.67235740454857,-6.0118766079576,0.00037364212813499,0.0127150951309913,0.371753479313921,"Downregulated"
"GPX3",0.869401478600828,10.1262101995714,6.00438098719006,0.000376670772814012,0.0127150951309913,0.363192693430212,"Upregulated"
"LIAT1",-0.723289570361407,7.4637671804863,-5.99525381604499,0.000380395388682839,0.0127852372196258,0.35275815085232,"Downregulated"
"HHIP-AS1",-1.4261303066899,8.2003173263869,-5.97198927139672,0.000390074832886274,0.0129154334562779,0.326109690187605,"Downregulated"
"IL17D",-1.12136274271119,7.56346347598943,-5.96555215138507,0.000392800962954794,0.0129499221927007,0.318723176575764,"Downregulated"
"ACOT4",-0.834033440493792,6.04432917518743,-5.95063177583086,0.000399201166847481,0.0130957074435995,0.301580378728807,"Downregulated"
"PRIM1",-1.5695837820084,7.55536426220881,-5.87082508397116,0.000435453852618205,0.0136262882314309,0.209365738718343,"Downregulated"
"UPP1",0.930045435115652,8.18455252654458,5.8691725233496,0.000436242036369225,0.0136262882314309,0.207446941870458,"Upregulated"
"KIFC1",-0.804855365297223,7.5808836108644,-5.85827591688502,0.000441478792325563,0.0137105653744627,0.194785349896182,"Downregulated"
"APOLD1",-0.784852609699189,7.35470289042286,-5.83267670052968,0.000454056929747385,0.0138791259943256,0.164974786657336,"Downregulated"
"GPAT3",-1.43647503577069,6.49153550903565,-5.79200407067944,0.000474863844094242,0.0143178364487289,0.117423298717528,"Downregulated"
"KIF18B",-1.33214003497012,7.50904586813567,-5.7850289881701,0.000478536828037805,0.01434501904589,0.109245323325439,"Downregulated"
"ABCC2",-0.848555563973376,6.32227718643597,-5.77354107316883,0.000484654818321491,0.0144195398529255,0.0957614039422143,"Downregulated"
"ADCY4",-0.779771711719872,7.65899409241194,-5.728924293447,0.000509248691373171,0.014948230018228,0.0432169082725116,"Downregulated"
"PTGS2",-1.89426427953847,7.14997906555384,-5.70710346948883,0.00052177621622175,0.015197060969162,0.0174168602425686,"Downregulated"
"BRIP1",-1.56450285736156,6.33384574990943,-5.6521080131118,0.000554885811240384,0.0158096639943866,-0.0479060064863921,"Downregulated"
"NUF2",-2.02553322210352,6.28142347017693,-5.62747497744239,0.000570462384574812,0.0160764789613025,-0.0773038699651956,"Downregulated"
"BDKRB2",-0.858421471559629,7.51892833999189,-5.61128517137088,0.000580962444893919,0.0162251525976848,-0.0966723200433925,"Downregulated"
"GAS2L3",-1.06187162871749,6.29125742951446,-5.58468281776134,0.000598681783839713,0.0163956450431447,-0.128578828093071,"Downregulated"
"SUSD5",-1.04825731162042,6.64955089577872,-5.56281660846339,0.000613693281064109,0.0166417233761712,-0.154880576988076,"Downregulated"
"CDC25B",-0.862725257727737,9.87183340948892,-5.5611404868711,0.000614860981477979,0.0166417233761712,-0.156899521573588,"Downregulated"
"CDK1",-1.76085254509846,7.4961164508819,-5.54279959337911,0.000627799847606497,0.0168367461720789,-0.179018044519131,"Downregulated"
"PTGER4",-1.13121406834428,7.11716379732842,-5.52951357005693,0.000637360165305597,0.0169388301960809,-0.195070693453146,"Downregulated"
"RFC4",-0.834163461507081,8.32239197047954,-5.52721316163165,0.000639031732566024,0.0169388301960809,-0.197852703394479,"Downregulated"
"MAD2L1",-1.22014114493426,8.55126852269524,-5.5250559846294,0.000640603614420992,0.0169388301960809,-0.200462186448276,"Downregulated"
"PSG7",-0.972429993144356,8.07893686120223,-5.51699814656256,0.000646512974564847,0.0170153448627847,-0.21021546636213,"Downregulated"
"CARD10",-0.78296825673166,7.2295416088494,-5.47018423160005,0.000682056028884939,0.0175057289529344,-0.267064356420823,"Downregulated"
"BMAL2",-0.790257593807933,7.08907900617888,-5.45761766583866,0.000691959934811069,0.0176929818942231,-0.282378496997294,"Downregulated"
"KIF11",-1.37736182838501,6.88476209492416,-5.45659855990764,0.000692770027800597,0.0176929818942231,-0.283621422290862,"Downregulated"
"SNHG19",0.741784495728769,9.4492005845663,5.44724545729026,0.000700253858853267,0.0178547486375592,-0.295035697702419,"Upregulated"
"RFC3",-1.26601851675961,8.15813606329753,-5.3561577143288,0.000777980605473281,0.0192671177699986,-0.406860062134401,"Downregulated"
"ADRB2",-0.911900708539008,5.91238157899974,-5.33304424303044,0.000799183031370823,0.0193646751399383,-0.435427454355175,"Downregulated"
"ASF1B",-1.15322701057868,8.0791353031619,-5.31264941525895,0.000818420524193166,0.0196117807093696,-0.460699476012413,"Downregulated"
"ZIC1",-1.17452476954459,7.01236052528374,-5.30104610038051,0.000829592427509292,0.0197878820497147,-0.475104731839938,"Downregulated"
"ESPL1",-0.773340438820242,7.22367084515593,-5.2454814676782,0.00088546854279481,0.0208011430143991,-0.544360341180156,"Downregulated"
"OGFRL1",0.78903662546656,8.14887851524739,5.2386174411289,0.000892653581997507,0.0208604338446131,-0.552947084549526,"Upregulated"
"TNFSF13B",-0.835104396027451,6.51435322291607,-5.23581145608399,0.00089560923578305,0.0208604338446131,-0.556459302574973,"Downregulated"
"KCNS2",0.783529460310666,6.14024819996279,5.14125610984624,0.00100178091895415,0.0223500777435633,-0.675490954747258,"Upregulated"
"CDC45",-1.17164260186334,6.77889757798975,-5.12483158195204,0.00102159624893413,0.0226619236477845,-0.696301596805188,"Downregulated"
"USP1",-0.825464709255433,8.76865065227809,-5.11626868262988,0.00103209734962097,0.0227647835865263,-0.707167012922881,"Downregulated"
"IL33",-1.23552280148291,8.93285810579974,-5.04163324692203,0.00112881257628233,0.024011235184263,-0.802331476181267,"Downregulated"
"ISG20",-0.873854938152278,6.67112574596112,-5.00443484087545,0.0011806952006501,0.0247433115085892,-0.850070275649744,"Downregulated"
"MELK",-1.07058144783858,9.51465383951808,-4.98886801444432,0.00120317876724173,0.0250106558202538,-0.870109110005295,"Downregulated"
"PRIM2",-0.926895866205209,7.4541283823089,-4.98364796600223,0.00121082301197988,0.0251023494392838,-0.876836834739312,"Downregulated"
"CENPK",-0.837726654720583,7.39459629425818,-4.97264976177646,0.00122710370147527,0.0251905488636258,-0.891024858213817,"Downregulated"
"SGCG",-1.68033874119529,8.8773634345139,-4.95922990145622,0.00124729510216712,0.025515038226299,-0.908361281872062,"Downregulated"
"CPZ",-0.858158600535875,7.12511999673767,-4.92825073070438,0.00129531107206063,0.0261555140792686,-0.948484095310866,"Downregulated"
"NEK2",-1.3865580868596,7.08599991074988,-4.92706171674844,0.00129719391074835,0.0261595156442863,-0.950026901481991,"Downregulated"
"PRPS2",-0.814728085314456,7.81850802737172,-4.91633750059801,0.0013143121885903,0.0263223054027952,-0.963951639056895,"Downregulated"
"CCNB2",-0.801704765868903,7.26388266384322,-4.91046888796057,0.00132378449985118,0.0263873244078165,-0.97157893060352,"Downregulated"
"HMCN1",-0.912614156325533,7.1056941976261,-4.90435860619815,0.00133372642663718,0.026551415324131,-0.979525769708823,"Downregulated"
"KRT18",1.12015780276575,10.5869553974553,4.87408355227432,0.00138420830498213,0.0272766326900539,-1.01898268294718,"Upregulated"
"SLC35E4",-0.792024979983244,8.65893029498944,-4.82946844545299,0.0014624563209463,0.0282099649088872,-1.07737795449075,"Downregulated"
"PLA2G4A",-2.40682391521299,8.7395128731345,-4.7762871055756,0.00156211439711443,0.0294375149980496,-1.14737340628106,"Downregulated"
"LRRN4CL",-0.842486023154875,10.359294323591,-4.7565771747056,0.00160091698864513,0.0299506493972068,-1.1734221626539,"Downregulated"
"MRAP2",-1.02806057567227,7.12770198029715,-4.72857874987143,0.00165786075611973,0.0305118323682062,-1.21052471707177,"Downregulated"
"KIF14",-0.965456905690949,6.47453513796482,-4.70742420607362,0.00170235366824466,0.0311356275153157,-1.23863556988412,"Downregulated"
"STK32B",-1.08027842864403,8.24458070536031,-4.69739419987116,0.00172390376892906,0.0314556730010934,-1.25198710043711,"Downregulated"
"PBK",-1.90788016679201,8.35972850022744,-4.68427793988239,0.00175253589132591,0.0318657814057479,-1.26946956228942,"Downregulated"
"GRIK2",0.721010228961569,6.71983189639304,4.66519182907155,0.00179513213900322,0.0321880044508568,-1.29495496263898,"Upregulated"
"FBLN1",-0.732974581604481,7.57860967486036,-4.65818897930133,0.00181104355943934,0.0323612018308102,-1.3043193786559,"Downregulated"
"TENM2",1.58543263089154,6.9013799539189,4.65537481671464,0.00181748104832451,0.0324016598374086,-1.3080846176147,"Upregulated"
"UBE2T",-0.975344076823765,8.84869035152373,-4.64842054643978,0.00183349660307273,0.032537754574301,-1.31739421828681,"Downregulated"
"SKA3",-0.836823062033392,7.1761594967575,-4.63767470543347,0.00185854794103473,0.0327858186623816,-1.33179371600011,"Downregulated"
"CENPU",-0.788707768298505,7.23210594630467,-4.60201104922025,0.00194440427794155,0.0338863183253383,-1.37970644561127,"Downregulated"
"PELI2",-0.781255211511084,5.65682536927082,-4.56704336956542,0.00203280369566506,0.0348548200800243,-1.4268678040583,"Downregulated"
"PTN",-0.950004228042745,6.83216937444625,-4.56671791777454,0.00203364676664748,0.0348548200800243,-1.42730759827899,"Downregulated"
"SCARA3",-0.886772433520417,7.69067474195405,-4.53871447422736,0.00210763676841513,0.0356119518389012,-1.46520848411058,"Downregulated"
"HOXA1",-0.906483590492233,6.86160302674785,-4.47345281934152,0.00229171474004331,0.0377010763608802,-1.55398685745161,"Downregulated"
"PI16",-0.81577676940217,10.7481585544393,-4.47150495106738,0.0022974715494468,0.0377010763608802,-1.55664630850307,"Downregulated"
"SUV39H1",-0.900062413228515,7.28239752294709,-4.46854105467627,0.00230626140891851,0.037736171925908,-1.56069403100839,"Downregulated"
"PLPP4",0.805478590691031,10.5034952570671,4.41616199711872,0.00246779688415907,0.0394644181433801,-1.63244048386607,"Upregulated"
"LTBP1",-1.50192383935175,9.20884128875756,-4.41223037829078,0.00248040953209802,0.0395163982474102,-1.63784212520294,"Downregulated"
"BORA",-1.01883614646219,6.80818993141486,-4.40716030460312,0.00249677800613824,0.0396826702961255,-1.64481123863456,"Downregulated"
"CRYBG1",-1.38234036615235,7.55829245229177,-4.39885831297947,0.00252383491269929,0.0399219969731006,-1.65623096134299,"Downregulated"
"CCNA2",-1.51509331830537,7.73631105244516,-4.37079215456705,0.00261769302297556,0.0408517962419744,-1.69491191076566,"Downregulated"
"TM4SF1",-1.53993140845309,8.83728534612987,-4.31986576044658,0.00279783783962147,0.0422962173901856,-1.76539296924348,"Downregulated"
"SLC12A7",0.791378456301345,9.70002679411631,4.31464939419959,0.00281703726422674,0.0422962173901856,-1.77263364614967,"Upregulated"
"EVA1C",-1.28216500991613,6.3816734484669,-4.31259153263726,0.00282465078784276,0.0422962173901856,-1.77549118827512,"Downregulated"
"LOC728392",-1.25889680809768,8.94724719513639,-4.29404193734866,0.00289429685575739,0.0429661965355647,-1.80127687048661,"Downregulated"
"MAFB",1.18708510690138,8.41562668981298,4.2911330954818,0.00290538652262396,0.0430485132855962,-1.8053249617057,"Upregulated"
"ANKRD29",-0.944973185998,6.27658129238323,-4.26763824948092,0.00299666820516996,0.0438156910450839,-1.83806648187562,"Downregulated"
"AQP11",0.796251194138338,7.45259987198616,4.26376484777572,0.00301201380027448,0.0439986362094658,-1.84347196970608,"Upregulated"
"HHIP",-2.26088351295769,7.90676718884503,-4.23764831089716,0.00311773490028872,0.0447846323142306,-1.87997512170802,"Downregulated"
"TTK",-1.9258509015033,6.44754249781881,-4.21201423741622,0.00322542882201749,0.0457916363715918,-1.91589931948039,"Downregulated"
"CKS2",-0.948215767784983,10.6546117988868,-4.20547352834755,0.00325354920610532,0.0460538852072958,-1.92508071000815,"Downregulated"
"MRPL39",0.70550909979017,10.158445636446,4.20319908797265,0.00326338988025145,0.0461511093447582,-1.92827484511548,"Upregulated"
"CCDC169",0.865401796245773,6.7493591313,4.19590633029124,0.0032951612352177,0.0464180504289795,-1.93852149655082,"Upregulated"
"RAD51",-1.16342568451859,8.34326861080007,-4.17770579913462,0.00337592520400717,0.0472186889818814,-1.96412717591229,"Downregulated"
"CELF2",0.819347207591401,8.77929919504282,4.17647767181732,0.00338145170967621,0.0472186889818814,-1.96585668494433,"Upregulated"
"PDCD6P1",1.6416337147946,8.2271180261343,4.14035106816964,0.00354848584620014,0.0486968438754187,-2.01682778769991,"Upregulated"
"TNFAIP3",-0.790138323032898,8.22390225433193,-4.13930697224405,0.00355344430598292,0.0487006912473987,-2.01830365482647,"Downregulated"
"GALNT17",-0.927415386953798,7.66644586884699,-4.12355801449434,0.00362915407511842,0.0494328986652972,-2.04058404882139,"Downregulated"
